route,page_type,page_title,section_title,content_category,image_src,asset_id,alt_text,actual_visual,expected_visual,match_status,severity,current_reuse_count,recommended_action
/blog/best-sportswear-fabrics/,article,Best Sportswear Fabrics,,best sportswear fabrics best sportswear fabrics explained | complete teamwear fabric guide | poxiol ,https://cdn.sanity.io/images/oqpv1xbc/production/bd27eaada59c34905cbe847ae00131ccf3988670-1672x941.webp,image-bd27eaada59c34905cbe847ae00131ccf3988670-1672x941-webp,POXIOL Best Sportswear Fabrics,unclear,unclear,unclear,LOW,4,
/blog/custom-baseball-jerseys-for-clubs/,article,Custom Baseball Jerseys For Clubs,,custom baseball jerseys for clubs custom baseball jerseys for clubs | team baseball uniforms | poxio,https://cdn.sanity.io/images/oqpv1xbc/production/30a56e521bc0b8b7d496804c179c2d4c363b13ba-1672x941.webp,image-30a56e521bc0b8b7d496804c179c2d4c363b13ba-1672x941-webp,POXIOL Custom Baseball Jerseys For Clubs,unclear,unclear,unclear,LOW,14,
/blog/custom-basketball-jerseys-melbourne/,article,Custom Basketball Jerseys Melbourne,,custom basketball jerseys melbourne custom basketball jerseys melbourne | teamwear manufacturer | po,https://cdn.sanity.io/images/oqpv1xbc/production/5672ddaf07dbaee8c9c9ad809fa69ee28703bf17-1672x941.webp,image-5672ddaf07dbaee8c9c9ad809fa69ee28703bf17-1672x941-webp,POXIOL Custom Basketball Jerseys Melbourne,unclear,basketball,unclear,LOW,7,
/blog/custom-basketball-uniforms-for-schools/,article,Custom Basketball Uniforms For Schools,,custom basketball uniforms for schools custom basketball uniforms for schools | high school basketba,https://cdn.sanity.io/images/oqpv1xbc/production/5672ddaf07dbaee8c9c9ad809fa69ee28703bf17-1672x941.webp,image-5672ddaf07dbaee8c9c9ad809fa69ee28703bf17-1672x941-webp,POXIOL Custom Basketball Uniforms For Schools,unclear,basketball,unclear,LOW,7,
/blog/custom-soccer-kits-london/,article,Custom Soccer Kits London,,custom soccer kits london custom soccer kits london | football teamwear manufacturer | poxiol   poxi,https://cdn.sanity.io/images/oqpv1xbc/production/bd27eaada59c34905cbe847ae00131ccf3988670-1672x941.webp,image-bd27eaada59c34905cbe847ae00131ccf3988670-1672x941-webp,POXIOL Custom Soccer Kits London,unclear,soccer,unclear,LOW,4,
/blog/custom-soccer-uniforms-for-academies/,article,Custom Soccer Uniforms For Academies,,custom soccer uniforms for academies custom soccer uniforms for academies | youth soccer kits manufa,https://cdn.sanity.io/images/oqpv1xbc/production/bcb5f223883abc85aa9d2d103c55c04aef10689a-1672x941.webp,image-bcb5f223883abc85aa9d2d103c55c04aef10689a-1672x941-webp,POXIOL Custom Soccer Uniforms For Academies,unclear,soccer,unclear,LOW,3,
/blog/custom-sports-apparel-distributor/,article,Custom Sports Apparel Distributor,,custom sports apparel distributor custom sports apparel distributor | teamwear manufacturing partner,https://cdn.sanity.io/images/oqpv1xbc/production/283fe8fec0e0dc21d80f721b195d14be62d48d05-1376x768.png,image-283fe8fec0e0dc21d80f721b195d14be62d48d05-1376x768-png,POXIOL Custom Sports Apparel Distributor,unclear,unclear,unclear,LOW,11,
/blog/custom-teamwear-new-york/,article,Custom Teamwear New York,,custom teamwear new york custom teamwear new york | sports apparel manufacturer | poxiol   poxiol cu,https://cdn.sanity.io/images/oqpv1xbc/production/3c284bf7dacd6c588854e70d851d03dda51fe408-1376x768.png,image-3c284bf7dacd6c588854e70d851d03dda51fe408-1376x768-png,POXIOL Custom Teamwear New York,unclear,unclear,unclear,LOW,12,
/blog/custom-volleyball-uniforms-for-schools/,article,Custom Volleyball Uniforms For Schools,,custom volleyball uniforms for schools custom volleyball uniforms for schools | school volleyball ki,https://cdn.sanity.io/images/oqpv1xbc/production/500a7fd38a47376d3b15d737d4b0ffb76f1f0ffb-1672x941.webp,image-500a7fd38a47376d3b15d737d4b0ffb76f1f0ffb-1672x941-webp,POXIOL Custom Volleyball Uniforms For Schools,unclear,unclear,unclear,LOW,9,
/blog/how-sublimation-printing-works-for-teamwear/,article,How Sublimation Printing Works For Teamwear,,how sublimation printing works for teamwear how sublimation printing works for teamwear | complete t,https://cdn.sanity.io/images/oqpv1xbc/production/30a56e521bc0b8b7d496804c179c2d4c363b13ba-1672x941.webp,image-30a56e521bc0b8b7d496804c179c2d4c363b13ba-1672x941-webp,POXIOL How Sublimation Printing Works For Teamwear,unclear,unclear,unclear,LOW,14,
/blog/how-to-choose-a-teamwear-manufacturer/,article,How To Choose A Teamwear Manufacturer,,how to choose a teamwear manufacturer how to choose a teamwear manufacturer | complete buyer guide |,https://cdn.sanity.io/images/oqpv1xbc/production/66ead13a5a42384f7d175a765e9709b9eb613d46-1448x1086.webp,image-66ead13a5a42384f7d175a765e9709b9eb613d46-1448x1086-webp,POXIOL How To Choose A Teamwear Manufacturer,unclear,unclear,unclear,LOW,4,
/blog/oem-baseball-apparel-manufacturer/,article,Oem Baseball Apparel Manufacturer,,oem baseball apparel manufacturer oem baseball apparel manufacturer | private label baseball gear | ,https://cdn.sanity.io/images/oqpv1xbc/production/5672ddaf07dbaee8c9c9ad809fa69ee28703bf17-1672x941.webp,image-5672ddaf07dbaee8c9c9ad809fa69ee28703bf17-1672x941-webp,POXIOL Oem Baseball Apparel Manufacturer,unclear,unclear,unclear,LOW,7,
/blog/oem-basketball-apparel-manufacturer/,article,Oem Basketball Apparel Manufacturer,,oem basketball apparel manufacturer oem basketball apparel manufacturer | private label basketball j,https://cdn.sanity.io/images/oqpv1xbc/production/66ead13a5a42384f7d175a765e9709b9eb613d46-1448x1086.webp,image-66ead13a5a42384f7d175a765e9709b9eb613d46-1448x1086-webp,POXIOL Oem Basketball Apparel Manufacturer,unclear,basketball,unclear,LOW,4,
/blog/oem-soccer-apparel-manufacturer/,article,Oem Soccer Apparel Manufacturer,,oem soccer apparel manufacturer oem soccer apparel manufacturer | private label soccer kits | poxiol,https://cdn.sanity.io/images/oqpv1xbc/production/22b3138b93bebaf819ffc7cb7d07d60b14060d07-1672x941.webp,image-22b3138b93bebaf819ffc7cb7d07d60b14060d07-1672x941-webp,POXIOL Oem Soccer Apparel Manufacturer,unclear,soccer,unclear,LOW,12,
/blog/oem-volleyball-apparel-manufacturer/,article,Oem Volleyball Apparel Manufacturer,,oem volleyball apparel manufacturer oem volleyball apparel manufacturer | private label volleyball k,https://cdn.sanity.io/images/oqpv1xbc/production/640daa66104cab60d192a2439f00cc79b5ff5c12-1672x941.webp,image-640daa66104cab60d192a2439f00cc79b5ff5c12-1672x941-webp,POXIOL Oem Volleyball Apparel Manufacturer,unclear,unclear,unclear,LOW,6,
/blog/oem-vs-odm-sportswear/,article,Oem Vs Odm Sportswear,,oem vs odm sportswear oem vs odm sportswear manufacturing | complete teamwear guide | poxiol   poxio,https://cdn.sanity.io/images/oqpv1xbc/production/640daa66104cab60d192a2439f00cc79b5ff5c12-1672x941.webp,image-640daa66104cab60d192a2439f00cc79b5ff5c12-1672x941-webp,POXIOL Oem Vs Odm Sportswear,unclear,unclear,unclear,LOW,6,
/blog/soccer-jersey-buying-guide/,article,Soccer Jersey Buying Guide,,soccer jersey buying guide soccer jersey buying guide | how to order custom soccer kits | poxiol   p,https://cdn.sanity.io/images/oqpv1xbc/production/bcb5f223883abc85aa9d2d103c55c04aef10689a-1672x941.webp,image-bcb5f223883abc85aa9d2d103c55c04aef10689a-1672x941-webp,POXIOL Soccer Jersey Buying Guide,unclear,soccer,unclear,LOW,3,
/blog/soccer-jersey-supplier-australia/,article,Soccer Jersey Supplier Australia,,soccer jersey supplier australia soccer jersey supplier australia | custom football kits manufacture,https://cdn.sanity.io/images/oqpv1xbc/production/22b3138b93bebaf819ffc7cb7d07d60b14060d07-1672x941.webp,image-22b3138b93bebaf819ffc7cb7d07d60b14060d07-1672x941-webp,POXIOL Soccer Jersey Supplier Australia,unclear,soccer,unclear,LOW,12,
/blog/soccer-teamwear-supplier-uk/,article,Soccer Teamwear Supplier Uk,,soccer teamwear supplier uk soccer teamwear supplier uk | custom football kits britain | poxiol   po,https://cdn.sanity.io/images/oqpv1xbc/production/752e687cc33c214d844f6ba31ad3ab2d3beae6f3-1672x941.png,image-752e687cc33c214d844f6ba31ad3ab2d3beae6f3-1672x941-png,POXIOL Soccer Teamwear Supplier Uk,unclear,soccer,unclear,LOW,2,
/blog/soccer-teamwear-supplier-usa/,article,Soccer Teamwear Supplier Usa,,soccer teamwear supplier usa soccer teamwear supplier usa | custom football kits america | poxiol   ,https://cdn.sanity.io/images/oqpv1xbc/production/500a7fd38a47376d3b15d737d4b0ffb76f1f0ffb-1672x941.webp,image-500a7fd38a47376d3b15d737d4b0ffb76f1f0ffb-1672x941-webp,POXIOL Soccer Teamwear Supplier Usa,unclear,soccer,unclear,LOW,9,
/contact/,site-page,Get in Touch.,,get in touch. contact poxiol | get free custom teamwear mockup   poxiol contact,https://cdn.sanity.io/images/oqpv1xbc/production/3c284bf7dacd6c588854e70d851d03dda51fe408-1376x768.png,image-3c284bf7dacd6c588854e70d851d03dda51fe408-1376x768-png,POXIOL Contact,unclear,mockup/design,unclear,LOW,12,
/customization/,site-page,Total Creative Control,,total creative control unlimited teamwear customization options | poxiol   poxiol customization,https://cdn.sanity.io/images/oqpv1xbc/production/bd27eaada59c34905cbe847ae00131ccf3988670-1672x941.webp,image-bd27eaada59c34905cbe847ae00131ccf3988670-1672x941-webp,POXIOL Customization,unclear,unclear,unclear,LOW,4,
/design-gallery/,other,,Custom Teamwear Design Inspiration, custom teamwear design gallery | poxiol inspiration custom teamwear design inspiration  storm court,/images/designs/storm-court-basketball.webp,,Storm Court Basketball Set,basketball,unclear,unclear,LOW,0,
/design-gallery/,other,,Custom Teamwear Design Inspiration, custom teamwear design gallery | poxiol inspiration custom teamwear design inspiration storm court ,/images/designs/united-field-soccer-kit.webp,,United Field Soccer Kit,soccer,unclear,unclear,LOW,0,
/design-gallery/,other,,Custom Teamwear Design Inspiration, custom teamwear design gallery | poxiol inspiration custom teamwear design inspiration united field,/images/designs/falcons-baseball-uniform.webp,,Falcons Baseball Uniform,baseball/softball,unclear,unclear,LOW,0,
/design-gallery/,other,,Custom Teamwear Design Inspiration, custom teamwear design gallery | poxiol inspiration custom teamwear design inspiration falcons base,/images/designs/velocity-running-singlet.webp,,Velocity Running Singlet,training wear,unclear,unclear,LOW,0,
/design-gallery/,other,,Custom Teamwear Design Inspiration, custom teamwear design gallery | poxiol inspiration custom teamwear design inspiration velocity run,/images/designs/pro-training-tracksuit.webp,,Pro Training Tracksuit,training wear,unclear,unclear,LOW,0,
/design-gallery/,other,,Custom Teamwear Design Inspiration, custom teamwear design gallery | poxiol inspiration custom teamwear design inspiration pro training,/images/designs/rangers-volleyball-set.webp,,Rangers Volleyball Set,volleyball,unclear,unclear,LOW,0,
/design-gallery/,other,,Custom Teamwear Design Inspiration, custom teamwear design gallery | poxiol inspiration custom teamwear design inspiration rangers voll,/images/designs/titans-football-uniform.webp,,Titans Football Uniform,mockup/design,unclear,unclear,LOW,0,
/design-gallery/,other,,Custom Teamwear Design Inspiration, custom teamwear design gallery | poxiol inspiration custom teamwear design inspiration titans footb,/images/designs/elite-golf-polo-set.webp,,Elite Golf Polo Set,golf,unclear,unclear,LOW,0,
/design-gallery/,other,,Custom Teamwear Design Inspiration, custom teamwear design gallery | poxiol inspiration custom teamwear design inspiration elite golf p,/images/designs/samoa-rugby-jersey.webp,,Samoa Rugby Pro Jersey,rugby,unclear,unclear,LOW,0,
/design-gallery/,other,,Custom Teamwear Design Inspiration, custom teamwear design gallery | poxiol inspiration custom teamwear design inspiration samoa rugby ,/images/designs/cyber-league-esports.webp,,Cyber League Pro Jersey,esports,unclear,unclear,LOW,0,
/factory/,site-page,Custom Teamwear Factory in China,,custom teamwear factory in china custom teamwear factory in china | poxiol   poxiol factory,https://cdn.sanity.io/images/oqpv1xbc/production/66ead13a5a42384f7d175a765e9709b9eb613d46-1448x1086.webp,image-66ead13a5a42384f7d175a765e9709b9eb613d46-1448x1086-webp,POXIOL Factory,unclear,factory,unclear,LOW,4,
/factory/,site-page,Custom Teamwear Factory in China,Production capability that can be explained clearly,custom teamwear factory in china custom teamwear factory in china | poxiol production capability tha,/images/factory/factory-main.webp,,POXIOL factory production area,factory,factory,match,OK,0,
/free-mockup/,site-page,Free Mockup Design.,,free mockup design. get a free custom teamwear mockup | poxiol   poxiol free mockup,https://cdn.sanity.io/images/oqpv1xbc/production/3c284bf7dacd6c588854e70d851d03dda51fe408-1376x768.png,image-3c284bf7dacd6c588854e70d851d03dda51fe408-1376x768-png,POXIOL Free Mockup,unclear,mockup/design,unclear,LOW,12,
/free-mockup/,site-page,Free Mockup Design.,Request Free Mockup,free mockup design. get a free custom teamwear mockup | poxiol request free mockup  poxiol custom te,/images/free-mockup/mockup-process.webp,,POXIOL custom teamwear free mockup workflow,mockup/design,mockup/design,match,OK,0,
/get-quote/,site-page,Factory Direct Quote.,,factory direct quote. get a factory quote | poxiol   poxiol get quote,https://cdn.sanity.io/images/oqpv1xbc/production/bcb5f223883abc85aa9d2d103c55c04aef10689a-1672x941.webp,image-bcb5f223883abc85aa9d2d103c55c04aef10689a-1672x941-webp,POXIOL Get Quote,unclear,factory,unclear,LOW,3,
/guides/b2b-sourcing-faq/,article,B2B Sourcing Faq,,b2b sourcing faq b2b sourcing faq: factory verification &amp; technical specs   poxiol b2b sourcing ,https://cdn.sanity.io/images/oqpv1xbc/production/752e687cc33c214d844f6ba31ad3ab2d3beae6f3-1672x941.png,image-752e687cc33c214d844f6ba31ad3ab2d3beae6f3-1672x941-png,POXIOL B2B Sourcing Faq,unclear,unclear,unclear,LOW,2,
/guides/basketball-uniform-size-guide/,article,Basketball Uniform Size Guide,,basketball uniform size guide basketball uniform size guide | find your perfect fit   poxiol basketb,https://cdn.sanity.io/images/oqpv1xbc/production/30a56e521bc0b8b7d496804c179c2d4c363b13ba-1672x941.webp,image-30a56e521bc0b8b7d496804c179c2d4c363b13ba-1672x941-webp,POXIOL Basketball Uniform Size Guide,unclear,basketball,unclear,LOW,14,
/guides/custom-basketball-uniform-fabric-gsm/,article,Custom Basketball Uniform Fabric Gsm,,custom basketball uniform fabric gsm basketball uniform fabric gsm guide: 140–180 gsm specs | poxiol,https://cdn.sanity.io/images/oqpv1xbc/production/3c284bf7dacd6c588854e70d851d03dda51fe408-1376x768.png,image-3c284bf7dacd6c588854e70d851d03dda51fe408-1376x768-png,POXIOL Custom Basketball Uniform Fabric Gsm,unclear,basketball,unclear,LOW,12,
/guides/how-to-choose-teamwear-manufacturer-china/,article,How To Choose Teamwear Manufacturer China,,how to choose teamwear manufacturer china evaluating teamwear manufacturers in china: b2b sourcing g,https://cdn.sanity.io/images/oqpv1xbc/production/3c284bf7dacd6c588854e70d851d03dda51fe408-1376x768.png,image-3c284bf7dacd6c588854e70d851d03dda51fe408-1376x768-png,POXIOL How To Choose Teamwear Manufacturer China,unclear,unclear,unclear,LOW,12,
/guides/how-to-order-custom-basketball-uniforms/,article,How To Order Custom Basketball Uniforms,,how to order custom basketball uniforms how to order custom basketball uniforms | 5-step ordering gu,https://cdn.sanity.io/images/oqpv1xbc/production/e8d01c2f997d5ed28f0195d170409051bc927ffa-1024x1024.png,image-e8d01c2f997d5ed28f0195d170409051bc927ffa-1024x1024-png,POXIOL How To Order Custom Basketball Uniforms,unclear,basketball,unclear,LOW,4,
/guides/private-label-teamwear-manufacturing/,article,Private Label Teamwear Manufacturing,,private label teamwear manufacturing private label teamwear manufacturing: b2b brand guide | poxiol ,https://cdn.sanity.io/images/oqpv1xbc/production/500a7fd38a47376d3b15d737d4b0ffb76f1f0ffb-1672x941.webp,image-500a7fd38a47376d3b15d737d4b0ffb76f1f0ffb-1672x941-webp,POXIOL Private Label Teamwear Manufacturing,unclear,unclear,unclear,LOW,9,
/guides/sublimation-printing-guide/,article,Sublimation Printing Guide,,sublimation printing guide what is sublimation printing? | teamwear technology guide   poxiol sublim,https://cdn.sanity.io/images/oqpv1xbc/production/283fe8fec0e0dc21d80f721b195d14be62d48d05-1376x768.png,image-283fe8fec0e0dc21d80f721b195d14be62d48d05-1376x768-png,POXIOL Sublimation Printing Guide,unclear,unclear,unclear,LOW,11,
/guides/teamwear-sample-approval-checklist/,article,Teamwear Sample Approval Checklist,,teamwear sample approval checklist teamwear sample approval checklist for b2b buyers | poxiol   poxi,https://cdn.sanity.io/images/oqpv1xbc/production/e8d01c2f997d5ed28f0195d170409051bc927ffa-1024x1024.png,image-e8d01c2f997d5ed28f0195d170409051bc927ffa-1024x1024-png,POXIOL Teamwear Sample Approval Checklist,unclear,unclear,unclear,LOW,4,
/,homepage,"Custom Teamwear Manufacturer for Clubs, Schools and Sportswear Brands",,"custom teamwear manufacturer for clubs, schools and sportswear brands custom teamwear manufacturer |",https://cdn.sanity.io/images/oqpv1xbc/production/283fe8fec0e0dc21d80f721b195d14be62d48d05-1376x768.png,image-283fe8fec0e0dc21d80f721b195d14be62d48d05-1376x768-png,POXIOL Homepage,unclear,generic multi-sport,unclear,LOW,11,
/,homepage,"Custom Teamwear Manufacturer for Clubs, Schools and Sportswear Brands",Custom Teamwear Matrix,"custom teamwear manufacturer for clubs, schools and sportswear brands custom teamwear manufacturer |",https://cdn.sanity.io/images/oqpv1xbc/production/4c177e4e98c99d5c4bef49e9a3e7956ab948410a-1376x768.png,image-4c177e4e98c99d5c4bef49e9a3e7956ab948410a-1376x768-png,POXIOL Basketball Uniforms,unclear,generic multi-sport,unclear,LOW,6,
/,homepage,"Custom Teamwear Manufacturer for Clubs, Schools and Sportswear Brands",Custom Teamwear Matrix,"custom teamwear manufacturer for clubs, schools and sportswear brands custom teamwear manufacturer |",https://cdn.sanity.io/images/oqpv1xbc/production/22b3138b93bebaf819ffc7cb7d07d60b14060d07-1672x941.webp,image-22b3138b93bebaf819ffc7cb7d07d60b14060d07-1672x941-webp,POXIOL Soccer Jerseys,unclear,generic multi-sport,unclear,LOW,12,
/,homepage,"Custom Teamwear Manufacturer for Clubs, Schools and Sportswear Brands",Custom Teamwear Matrix,"custom teamwear manufacturer for clubs, schools and sportswear brands custom teamwear manufacturer |",https://cdn.sanity.io/images/oqpv1xbc/production/30a56e521bc0b8b7d496804c179c2d4c363b13ba-1672x941.webp,image-30a56e521bc0b8b7d496804c179c2d4c363b13ba-1672x941-webp,POXIOL Training Wear,unclear,generic multi-sport,unclear,LOW,14,
/,homepage,"Custom Teamwear Manufacturer for Clubs, Schools and Sportswear Brands",Custom Teamwear Matrix,"custom teamwear manufacturer for clubs, schools and sportswear brands custom teamwear manufacturer |",https://cdn.sanity.io/images/oqpv1xbc/production/3c284bf7dacd6c588854e70d851d03dda51fe408-1376x768.png,image-3c284bf7dacd6c588854e70d851d03dda51fe408-1376x768-png,POXIOL Hoodies Jackets,unclear,generic multi-sport,unclear,LOW,12,
/manufacturing/,site-page,Professional OEM &amp; ODM Teamwear Manufacturing,,professional oem &amp; odm teamwear manufacturing oem sportswear manufacturing | poxiol   poxiol man,https://cdn.sanity.io/images/oqpv1xbc/production/5672ddaf07dbaee8c9c9ad809fa69ee28703bf17-1672x941.webp,image-5672ddaf07dbaee8c9c9ad809fa69ee28703bf17-1672x941-webp,POXIOL Manufacturing,unclear,factory,unclear,LOW,7,
/manufacturing/,site-page,Professional OEM &amp; ODM Teamwear Manufacturing,Manufacturing modules,professional oem &amp; odm teamwear manufacturing oem sportswear manufacturing | poxiol manufacturin,/images/manufacturing/sublimation.webp,,Sublimation printing for custom teamwear,factory,factory,match,OK,0,
/manufacturing/,site-page,Professional OEM &amp; ODM Teamwear Manufacturing,Manufacturing modules,professional oem &amp; odm teamwear manufacturing oem sportswear manufacturing | poxiol manufacturin,/images/manufacturing/factory-line.webp,,POXIOL factory production line,factory,factory,match,OK,0,
/manufacturing/,site-page,Professional OEM &amp; ODM Teamwear Manufacturing,Manufacturing modules,professional oem &amp; odm teamwear manufacturing oem sportswear manufacturing | poxiol manufacturin,/images/manufacturing/packing-shipping.webp,,Packing and shipping custom uniforms,factory,factory,match,OK,0,
/oem-odm/,site-page,OEM/ODM Partner,,oem/odm partner oem/odm sportswear manufacturer | poxiol   poxiol oem design studio,/images/solutions/oem-odm-catalog.jpg,,POXIOL OEM Design Studio,unclear,factory,unclear,LOW,0,
/products/basketball-uniforms-basketball-jerseys/,product,Basketball Uniforms Basketball Jerseys,,basketball uniforms basketball jerseys basketball jerseys   poxiol basketball uniforms basketball je,https://cdn.sanity.io/images/oqpv1xbc/production/3c284bf7dacd6c588854e70d851d03dda51fe408-1376x768.png,image-3c284bf7dacd6c588854e70d851d03dda51fe408-1376x768-png,POXIOL Basketball Uniforms Basketball Jerseys,unclear,basketball,unclear,LOW,12,
/products/basketball-uniforms-basketball-shorts/,product,Basketball Uniforms Basketball Shorts,,basketball uniforms basketball shorts basketball shorts   poxiol basketball uniforms basketball shor,https://cdn.sanity.io/images/oqpv1xbc/production/283fe8fec0e0dc21d80f721b195d14be62d48d05-1376x768.png,image-283fe8fec0e0dc21d80f721b195d14be62d48d05-1376x768-png,POXIOL Basketball Uniforms Basketball Shorts,unclear,basketball,unclear,LOW,11,
/products/basketball-uniforms-full-team-sets/,product,Basketball Uniforms Full Team Sets,,basketball uniforms full team sets full team sets   poxiol basketball uniforms full team sets,https://cdn.sanity.io/images/oqpv1xbc/production/22b3138b93bebaf819ffc7cb7d07d60b14060d07-1672x941.webp,image-22b3138b93bebaf819ffc7cb7d07d60b14060d07-1672x941-webp,POXIOL Basketball Uniforms Full Team Sets,unclear,basketball,unclear,LOW,12,
/products/basketball-uniforms-reversible-jerseys/,product,Basketball Uniforms Reversible Jerseys,,basketball uniforms reversible jerseys reversible jerseys   poxiol basketball uniforms reversible je,https://cdn.sanity.io/images/oqpv1xbc/production/500a7fd38a47376d3b15d737d4b0ffb76f1f0ffb-1672x941.webp,image-500a7fd38a47376d3b15d737d4b0ffb76f1f0ffb-1672x941-webp,POXIOL Basketball Uniforms Reversible Jerseys,unclear,basketball,unclear,LOW,9,
/products/basketball-uniforms/,product,Basketball Uniforms,,basketball uniforms custom basketball uniform manufacturer | oem sublimated jerseys &amp; shorts | p,https://cdn.sanity.io/images/oqpv1xbc/production/4c177e4e98c99d5c4bef49e9a3e7956ab948410a-1376x768.png,image-4c177e4e98c99d5c4bef49e9a3e7956ab948410a-1376x768-png,POXIOL Basketball Uniforms Custom Uniforms,unclear,basketball,unclear,LOW,6,
/products/basketball-uniforms/,product,Basketball Uniforms,Professional Customization Support,basketball uniforms custom basketball uniform manufacturer | oem sublimated jerseys &amp; shorts | p,/images/poxiol-v6/manufacturing_sublimation_printing.png,,POXIOL Sublimation Factory,factory,basketball,mismatch,HIGH,0,
/products/basketball-uniforms/,product,Basketball Uniforms,Professional Customization Support,basketball uniforms custom basketball uniform manufacturer | oem sublimated jerseys &amp; shorts | p,/images/poxiol-v6/manufacturing_quality_control.png,,POXIOL QC Protocol,factory,basketball,mismatch,HIGH,0,
/products/basketball-uniforms/,product,Basketball Uniforms,Original Teamwear Design Concepts,basketball uniforms custom basketball uniform manufacturer | oem sublimated jerseys &amp; shorts | p,https://cdn.sanity.io/images/oqpv1xbc/production/30a56e521bc0b8b7d496804c179c2d4c363b13ba-1672x941.webp,image-30a56e521bc0b8b7d496804c179c2d4c363b13ba-1672x941-webp,POXIOL Custom Soccer Match Kit Design,unclear,basketball,unclear,LOW,14,
/products/basketball-uniforms/,product,Basketball Uniforms,Original Teamwear Design Concepts,basketball uniforms custom basketball uniform manufacturer | oem sublimated jerseys &amp; shorts | p,https://cdn.sanity.io/images/oqpv1xbc/production/3c284bf7dacd6c588854e70d851d03dda51fe408-1376x768.png,image-3c284bf7dacd6c588854e70d851d03dda51fe408-1376x768-png,POXIOL Basketball Uniforms Basketball Jerseys Design,unclear,basketball,unclear,LOW,12,
/products/basketball-uniforms/,product,Basketball Uniforms,Original Teamwear Design Concepts,basketball uniforms custom basketball uniform manufacturer | oem sublimated jerseys &amp; shorts | p,https://cdn.sanity.io/images/oqpv1xbc/production/283fe8fec0e0dc21d80f721b195d14be62d48d05-1376x768.png,image-283fe8fec0e0dc21d80f721b195d14be62d48d05-1376x768-png,POXIOL Basketball Uniforms Basketball Shorts Design,unclear,basketball,unclear,LOW,11,
/products/custom-soccer-match-kit/,product,Custom Soccer Match Kit,,custom soccer match kit custom soccer match kit | poxiol   poxiol custom soccer match kit,https://cdn.sanity.io/images/oqpv1xbc/production/30a56e521bc0b8b7d496804c179c2d4c363b13ba-1672x941.webp,image-30a56e521bc0b8b7d496804c179c2d4c363b13ba-1672x941-webp,POXIOL Custom Soccer Match Kit,unclear,soccer,unclear,LOW,14,
/products/hoodies-jackets-pullover-hoodies/,product,Hoodies Jackets Pullover Hoodies,,hoodies jackets pullover hoodies pullover hoodies   poxiol hoodies jackets pullover hoodies,https://cdn.sanity.io/images/oqpv1xbc/production/500a7fd38a47376d3b15d737d4b0ffb76f1f0ffb-1672x941.webp,image-500a7fd38a47376d3b15d737d4b0ffb76f1f0ffb-1672x941-webp,POXIOL Hoodies Jackets Pullover Hoodies,unclear,hoodies/jackets,unclear,LOW,9,
/products/hoodies-jackets-zip-up-jackets/,product,Hoodies Jackets Zip Up Jackets,,hoodies jackets zip up jackets zip-up jackets   poxiol hoodies jackets zip up jackets,https://cdn.sanity.io/images/oqpv1xbc/production/640daa66104cab60d192a2439f00cc79b5ff5c12-1672x941.webp,image-640daa66104cab60d192a2439f00cc79b5ff5c12-1672x941-webp,POXIOL Hoodies Jackets Zip Up Jackets,unclear,hoodies/jackets,unclear,LOW,6,
/products/hoodies-jackets/,product,Hoodies &amp; Jackets,,hoodies &amp; jackets custom hoodies &amp; jackets manufacturer | team outerwear | poxiol   poxiol h,https://cdn.sanity.io/images/oqpv1xbc/production/3c284bf7dacd6c588854e70d851d03dda51fe408-1376x768.png,image-3c284bf7dacd6c588854e70d851d03dda51fe408-1376x768-png,POXIOL Hoodies &amp; Jackets Custom Uniforms,unclear,hoodies/jackets,unclear,LOW,12,
/products/hoodies-jackets/,product,Hoodies &amp; Jackets,Professional Customization Support,hoodies &amp; jackets custom hoodies &amp; jackets manufacturer | team outerwear | poxiol profession,/images/poxiol-v6/manufacturing_sublimation_printing.png,,POXIOL Sublimation Factory,factory,hoodies/jackets,mismatch,HIGH,0,
/products/hoodies-jackets/,product,Hoodies &amp; Jackets,Professional Customization Support,hoodies &amp; jackets custom hoodies &amp; jackets manufacturer | team outerwear | poxiol profession,/images/poxiol-v6/manufacturing_quality_control.png,,POXIOL QC Protocol,factory,hoodies/jackets,mismatch,HIGH,0,
/products/hoodies-jackets/,product,Hoodies &amp; Jackets,Original Teamwear Design Concepts,hoodies &amp; jackets custom hoodies &amp; jackets manufacturer | team outerwear | poxiol original t,https://cdn.sanity.io/images/oqpv1xbc/production/22b3138b93bebaf819ffc7cb7d07d60b14060d07-1672x941.webp,image-22b3138b93bebaf819ffc7cb7d07d60b14060d07-1672x941-webp,POXIOL Hoodies Jackets Fleece Outerwear Design,unclear,hoodies/jackets,unclear,LOW,12,
/products/hoodies-jackets/,product,Hoodies &amp; Jackets,Original Teamwear Design Concepts,hoodies &amp; jackets custom hoodies &amp; jackets manufacturer | team outerwear | poxiol original t,https://cdn.sanity.io/images/oqpv1xbc/production/500a7fd38a47376d3b15d737d4b0ffb76f1f0ffb-1672x941.webp,image-500a7fd38a47376d3b15d737d4b0ffb76f1f0ffb-1672x941-webp,POXIOL Hoodies Jackets Pullover Hoodies Design,unclear,hoodies/jackets,unclear,LOW,9,
/products/hoodies-jackets/,product,Hoodies &amp; Jackets,Original Teamwear Design Concepts,hoodies &amp; jackets custom hoodies &amp; jackets manufacturer | team outerwear | poxiol original t,https://cdn.sanity.io/images/oqpv1xbc/production/640daa66104cab60d192a2439f00cc79b5ff5c12-1672x941.webp,image-640daa66104cab60d192a2439f00cc79b5ff5c12-1672x941-webp,POXIOL Hoodies Jackets Zip Up Jackets Design,unclear,hoodies/jackets,unclear,LOW,6,
/products/,category,,Performance Teamwear Categories, performance teamwear products | custom sports uniforms | poxiol performance teamwear categories  po,https://cdn.sanity.io/images/oqpv1xbc/production/4c177e4e98c99d5c4bef49e9a3e7956ab948410a-1376x768.png,image-4c177e4e98c99d5c4bef49e9a3e7956ab948410a-1376x768-png,POXIOL Basketball Uniforms,unclear,basketball,unclear,LOW,6,
/products/,category,,Performance Teamwear Categories, performance teamwear products | custom sports uniforms | poxiol performance teamwear categories bas,https://cdn.sanity.io/images/oqpv1xbc/production/22b3138b93bebaf819ffc7cb7d07d60b14060d07-1672x941.webp,image-22b3138b93bebaf819ffc7cb7d07d60b14060d07-1672x941-webp,POXIOL Soccer Jerseys,unclear,basketball,unclear,LOW,12,
/products/,category,,Performance Teamwear Categories, performance teamwear products | custom sports uniforms | poxiol performance teamwear categories soc,https://cdn.sanity.io/images/oqpv1xbc/production/30a56e521bc0b8b7d496804c179c2d4c363b13ba-1672x941.webp,image-30a56e521bc0b8b7d496804c179c2d4c363b13ba-1672x941-webp,POXIOL Training Wear,unclear,soccer,unclear,LOW,14,
/products/,category,,Performance Teamwear Categories, performance teamwear products | custom sports uniforms | poxiol performance teamwear categories tra,https://cdn.sanity.io/images/oqpv1xbc/production/3c284bf7dacd6c588854e70d851d03dda51fe408-1376x768.png,image-3c284bf7dacd6c588854e70d851d03dda51fe408-1376x768-png,POXIOL Hoodies Jackets,unclear,training wear,unclear,LOW,12,
/products/,category,,Performance Teamwear Categories, performance teamwear products | custom sports uniforms | poxiol performance teamwear categories hoo,https://cdn.sanity.io/images/oqpv1xbc/production/283fe8fec0e0dc21d80f721b195d14be62d48d05-1376x768.png,image-283fe8fec0e0dc21d80f721b195d14be62d48d05-1376x768-png,POXIOL Team Accessories,unclear,hoodies/jackets,unclear,LOW,11,
/products/,category,,Performance Teamwear Categories, performance teamwear products | custom sports uniforms | poxiol performance teamwear categories tea,https://cdn.sanity.io/images/oqpv1xbc/production/500a7fd38a47376d3b15d737d4b0ffb76f1f0ffb-1672x941.webp,image-500a7fd38a47376d3b15d737d4b0ffb76f1f0ffb-1672x941-webp,POXIOL Soccer Kits,unclear,soccer,unclear,LOW,9,
/products/pro-basketball-jersey-set/,product,Pro Basketball Jersey Set,,pro basketball jersey set pro basketball jersey set | poxiol   poxiol pro basketball jersey set,https://cdn.sanity.io/images/oqpv1xbc/production/283fe8fec0e0dc21d80f721b195d14be62d48d05-1376x768.png,image-283fe8fec0e0dc21d80f721b195d14be62d48d05-1376x768-png,POXIOL Pro Basketball Jersey Set,unclear,basketball,unclear,LOW,11,
/products/soccer-jerseys-goalkeeper-kits/,product,Soccer Jerseys Goalkeeper Kits,,soccer jerseys goalkeeper kits goalkeeper kits   poxiol soccer jerseys goalkeeper kits,https://cdn.sanity.io/images/oqpv1xbc/production/4c177e4e98c99d5c4bef49e9a3e7956ab948410a-1376x768.png,image-4c177e4e98c99d5c4bef49e9a3e7956ab948410a-1376x768-png,POXIOL Soccer Jerseys Goalkeeper Kits,unclear,soccer,unclear,LOW,6,
/products/soccer-jerseys-soccer-jerseys/,product,Soccer Jerseys Soccer Jerseys,,soccer jerseys soccer jerseys soccer jerseys   poxiol soccer jerseys soccer jerseys,https://cdn.sanity.io/images/oqpv1xbc/production/4c177e4e98c99d5c4bef49e9a3e7956ab948410a-1376x768.png,image-4c177e4e98c99d5c4bef49e9a3e7956ab948410a-1376x768-png,POXIOL Soccer Jerseys Soccer Jerseys,unclear,soccer,unclear,LOW,6,
/products/soccer-jerseys-soccer-shorts/,product,Soccer Jerseys Soccer Shorts,,soccer jerseys soccer shorts soccer shorts   poxiol soccer jerseys soccer shorts,https://cdn.sanity.io/images/oqpv1xbc/production/640daa66104cab60d192a2439f00cc79b5ff5c12-1672x941.webp,image-640daa66104cab60d192a2439f00cc79b5ff5c12-1672x941-webp,POXIOL Soccer Jerseys Soccer Shorts,unclear,soccer,unclear,LOW,6,
/products/soccer-jerseys-soccer-socks/,product,Soccer Jerseys Soccer Socks,,soccer jerseys soccer socks soccer socks   poxiol soccer jerseys soccer socks,https://cdn.sanity.io/images/oqpv1xbc/production/283fe8fec0e0dc21d80f721b195d14be62d48d05-1376x768.png,image-283fe8fec0e0dc21d80f721b195d14be62d48d05-1376x768-png,POXIOL Soccer Jerseys Soccer Socks,unclear,soccer,unclear,LOW,11,
/products/soccer-jerseys/,product,Soccer Jerseys,,soccer jerseys custom soccer kit manufacturer | wholesale soccer jerseys supplier | poxiol   poxiol ,https://cdn.sanity.io/images/oqpv1xbc/production/22b3138b93bebaf819ffc7cb7d07d60b14060d07-1672x941.webp,image-22b3138b93bebaf819ffc7cb7d07d60b14060d07-1672x941-webp,POXIOL Soccer Jerseys Custom Uniforms,unclear,soccer,unclear,LOW,12,
/products/soccer-jerseys/,product,Soccer Jerseys,Professional Customization Support,soccer jerseys custom soccer kit manufacturer | wholesale soccer jerseys supplier | poxiol professio,/images/poxiol-v6/manufacturing_sublimation_printing.png,,POXIOL Sublimation Factory,factory,soccer,mismatch,HIGH,0,
/products/soccer-jerseys/,product,Soccer Jerseys,Professional Customization Support,soccer jerseys custom soccer kit manufacturer | wholesale soccer jerseys supplier | poxiol professio,/images/poxiol-v6/manufacturing_quality_control.png,,POXIOL QC Protocol,factory,soccer,mismatch,HIGH,0,
/products/soccer-jerseys/,product,Soccer Jerseys,Original Teamwear Design Concepts,soccer jerseys custom soccer kit manufacturer | wholesale soccer jerseys supplier | poxiol original ,https://cdn.sanity.io/images/oqpv1xbc/production/640daa66104cab60d192a2439f00cc79b5ff5c12-1672x941.webp,image-640daa66104cab60d192a2439f00cc79b5ff5c12-1672x941-webp,POXIOL Soccer Jerseys Soccer Shorts Design,unclear,soccer,unclear,LOW,6,
/products/soccer-jerseys/,product,Soccer Jerseys,Original Teamwear Design Concepts,soccer jerseys custom soccer kit manufacturer | wholesale soccer jerseys supplier | poxiol original ,https://cdn.sanity.io/images/oqpv1xbc/production/4c177e4e98c99d5c4bef49e9a3e7956ab948410a-1376x768.png,image-4c177e4e98c99d5c4bef49e9a3e7956ab948410a-1376x768-png,POXIOL Soccer Jerseys Goalkeeper Kits Design,unclear,soccer,unclear,LOW,6,
/products/soccer-jerseys/,product,Soccer Jerseys,Original Teamwear Design Concepts,soccer jerseys custom soccer kit manufacturer | wholesale soccer jerseys supplier | poxiol original ,https://cdn.sanity.io/images/oqpv1xbc/production/283fe8fec0e0dc21d80f721b195d14be62d48d05-1376x768.png,image-283fe8fec0e0dc21d80f721b195d14be62d48d05-1376x768-png,POXIOL Soccer Jerseys Soccer Socks Design,unclear,soccer,unclear,LOW,11,
/products/team-accessories-custom-bags/,product,Team Accessories Custom Bags,,team accessories custom bags custom bags   poxiol team accessories custom bags,https://cdn.sanity.io/images/oqpv1xbc/production/30a56e521bc0b8b7d496804c179c2d4c363b13ba-1672x941.webp,image-30a56e521bc0b8b7d496804c179c2d4c363b13ba-1672x941-webp,POXIOL Team Accessories Custom Bags,unclear,team accessories,unclear,LOW,14,
/products/team-accessories-team-socks/,product,Team Accessories Team Socks,,team accessories team socks team socks   poxiol team accessories team socks,https://cdn.sanity.io/images/oqpv1xbc/production/5672ddaf07dbaee8c9c9ad809fa69ee28703bf17-1672x941.webp,image-5672ddaf07dbaee8c9c9ad809fa69ee28703bf17-1672x941-webp,POXIOL Team Accessories Team Socks,unclear,team accessories,unclear,LOW,7,
/products/team-accessories/,product,Team Accessories,,team accessories custom team accessories manufacturer | poxiol   poxiol team accessories custom unif,https://cdn.sanity.io/images/oqpv1xbc/production/283fe8fec0e0dc21d80f721b195d14be62d48d05-1376x768.png,image-283fe8fec0e0dc21d80f721b195d14be62d48d05-1376x768-png,POXIOL Team Accessories Custom Uniforms,unclear,team accessories,unclear,LOW,11,
/products/team-accessories/,product,Team Accessories,Professional Customization Support,team accessories custom team accessories manufacturer | poxiol professional customization support ev,/images/poxiol-v6/manufacturing_sublimation_printing.png,,POXIOL Sublimation Factory,factory,team accessories,mismatch,HIGH,0,
/products/team-accessories/,product,Team Accessories,Professional Customization Support,team accessories custom team accessories manufacturer | poxiol professional customization support ev,/images/poxiol-v6/manufacturing_quality_control.png,,POXIOL QC Protocol,factory,team accessories,mismatch,HIGH,0,
/products/team-accessories/,product,Team Accessories,Original Teamwear Design Concepts,team accessories custom team accessories manufacturer | poxiol original teamwear design concepts eve,https://cdn.sanity.io/images/oqpv1xbc/production/5672ddaf07dbaee8c9c9ad809fa69ee28703bf17-1672x941.webp,image-5672ddaf07dbaee8c9c9ad809fa69ee28703bf17-1672x941-webp,POXIOL Team Accessories Team Socks Design,unclear,team accessories,unclear,LOW,7,
/products/team-accessories/,product,Team Accessories,Original Teamwear Design Concepts,team accessories custom team accessories manufacturer | poxiol original teamwear design concepts tea,https://cdn.sanity.io/images/oqpv1xbc/production/30a56e521bc0b8b7d496804c179c2d4c363b13ba-1672x941.webp,image-30a56e521bc0b8b7d496804c179c2d4c363b13ba-1672x941-webp,POXIOL Team Accessories Custom Bags Design,unclear,team accessories,unclear,LOW,14,
/products/training-wear-team-travel-suits/,product,Training Wear Team Travel Suits,,training wear team travel suits team travel suits   poxiol training wear team travel suits,https://cdn.sanity.io/images/oqpv1xbc/production/3c284bf7dacd6c588854e70d851d03dda51fe408-1376x768.png,image-3c284bf7dacd6c588854e70d851d03dda51fe408-1376x768-png,POXIOL Training Wear Team Travel Suits,unclear,training wear,unclear,LOW,12,
/products/training-wear-tracksuits/,product,Training Wear Tracksuits,,training wear tracksuits tracksuits   poxiol training wear tracksuits,https://cdn.sanity.io/images/oqpv1xbc/production/5672ddaf07dbaee8c9c9ad809fa69ee28703bf17-1672x941.webp,image-5672ddaf07dbaee8c9c9ad809fa69ee28703bf17-1672x941-webp,POXIOL Training Wear Tracksuits,unclear,training wear,unclear,LOW,7,
/products/training-wear-training-tops/,product,Training Wear Training Tops,,training wear training tops training tops   poxiol training wear training tops,https://cdn.sanity.io/images/oqpv1xbc/production/22b3138b93bebaf819ffc7cb7d07d60b14060d07-1672x941.webp,image-22b3138b93bebaf819ffc7cb7d07d60b14060d07-1672x941-webp,POXIOL Training Wear Training Tops,unclear,training wear,unclear,LOW,12,
/products/training-wear-warm-up-jackets/,product,Training Wear Warm Up Jackets,,training wear warm up jackets warm-up jackets   poxiol training wear warm up jackets,https://cdn.sanity.io/images/oqpv1xbc/production/30a56e521bc0b8b7d496804c179c2d4c363b13ba-1672x941.webp,image-30a56e521bc0b8b7d496804c179c2d4c363b13ba-1672x941-webp,POXIOL Training Wear Warm Up Jackets,unclear,training wear,unclear,LOW,14,
/products/training-wear/,product,Training Wear,,training wear custom training wear &amp; warm-up suits manufacturer | poxiol   poxiol training wear ,https://cdn.sanity.io/images/oqpv1xbc/production/30a56e521bc0b8b7d496804c179c2d4c363b13ba-1672x941.webp,image-30a56e521bc0b8b7d496804c179c2d4c363b13ba-1672x941-webp,POXIOL Training Wear Custom Uniforms,unclear,training wear,unclear,LOW,14,
/products/training-wear/,product,Training Wear,Professional Customization Support,training wear custom training wear &amp; warm-up suits manufacturer | poxiol professional customizat,/images/poxiol-v6/manufacturing_sublimation_printing.png,,POXIOL Sublimation Factory,factory,training wear,mismatch,HIGH,0,
/products/training-wear/,product,Training Wear,Professional Customization Support,training wear custom training wear &amp; warm-up suits manufacturer | poxiol professional customizat,/images/poxiol-v6/manufacturing_quality_control.png,,POXIOL QC Protocol,factory,training wear,mismatch,HIGH,0,
/products/training-wear/,product,Training Wear,Original Teamwear Design Concepts,training wear custom training wear &amp; warm-up suits manufacturer | poxiol original teamwear desig,https://cdn.sanity.io/images/oqpv1xbc/production/30a56e521bc0b8b7d496804c179c2d4c363b13ba-1672x941.webp,image-30a56e521bc0b8b7d496804c179c2d4c363b13ba-1672x941-webp,POXIOL Training Wear Warm Up Jackets Design,unclear,training wear,unclear,LOW,14,
/products/training-wear/,product,Training Wear,Original Teamwear Design Concepts,training wear custom training wear &amp; warm-up suits manufacturer | poxiol original teamwear desig,https://cdn.sanity.io/images/oqpv1xbc/production/22b3138b93bebaf819ffc7cb7d07d60b14060d07-1672x941.webp,image-22b3138b93bebaf819ffc7cb7d07d60b14060d07-1672x941-webp,POXIOL Training Wear Training Tops Design,unclear,training wear,unclear,LOW,12,
/products/training-wear/,product,Training Wear,Original Teamwear Design Concepts,training wear custom training wear &amp; warm-up suits manufacturer | poxiol original teamwear desig,https://cdn.sanity.io/images/oqpv1xbc/production/3c284bf7dacd6c588854e70d851d03dda51fe408-1376x768.png,image-3c284bf7dacd6c588854e70d851d03dda51fe408-1376x768-png,POXIOL Training Wear Team Travel Suits Design,unclear,training wear,unclear,LOW,12,
/projects/australia-soccer-club-kit-project/,case-study,Australia Soccer Club Kit Project,Packaging &amp; Delivery,australia soccer club kit project soccer club home &amp; away kit launch | poxiol b2b case study pac,https://cdn.sanity.io/images/oqpv1xbc/production/22b3138b93bebaf819ffc7cb7d07d60b14060d07-1672x941.webp,image-22b3138b93bebaf819ffc7cb7d07d60b14060d07-1672x941-webp,POXIOL Australia Soccer Club Kit Project,unclear,soccer,unclear,LOW,12,
/projects/distributor-bulk-teamwear-program/,case-study,Distributor Bulk Teamwear Program,Packaging &amp; Delivery,distributor bulk teamwear program teamwear distributor bulk program | poxiol b2b case study packagin,https://cdn.sanity.io/images/oqpv1xbc/production/30a56e521bc0b8b7d496804c179c2d4c363b13ba-1672x941.webp,image-30a56e521bc0b8b7d496804c179c2d4c363b13ba-1672x941-webp,POXIOL Distributor Bulk Teamwear Program,unclear,unclear,unclear,LOW,14,
/projects/,case-study,,Featured Projects &amp; Case Studies, custom teamwear &amp; sports uniforms manufacturer | poxiol featured projects &amp; case studies  p,https://cdn.sanity.io/images/oqpv1xbc/production/e8d01c2f997d5ed28f0195d170409051bc927ffa-1024x1024.png,image-e8d01c2f997d5ed28f0195d170409051bc927ffa-1024x1024-png,POXIOL Usa Basketball Academy Uniform Program,unclear,basketball,unclear,LOW,4,
/projects/,case-study,,USA Basketball Academy Uniform Program, custom teamwear &amp; sports uniforms manufacturer | poxiol usa basketball academy uniform program ,https://cdn.sanity.io/images/oqpv1xbc/production/22b3138b93bebaf819ffc7cb7d07d60b14060d07-1672x941.webp,image-22b3138b93bebaf819ffc7cb7d07d60b14060d07-1672x941-webp,POXIOL Australia Soccer Club Kit Project,unclear,basketball,unclear,LOW,12,
/projects/,case-study,,Australia Soccer Club Kit Project, custom teamwear &amp; sports uniforms manufacturer | poxiol australia soccer club kit project  poxi,https://cdn.sanity.io/images/oqpv1xbc/production/500a7fd38a47376d3b15d737d4b0ffb76f1f0ffb-1672x941.webp,image-500a7fd38a47376d3b15d737d4b0ffb76f1f0ffb-1672x941-webp,POXIOL School Athletics Multi Sport Program,unclear,soccer,unclear,LOW,9,
/projects/,case-study,,School Athletics Multi-Sport Program, custom teamwear &amp; sports uniforms manufacturer | poxiol school athletics multi-sport program  p,https://cdn.sanity.io/images/oqpv1xbc/production/e71e1d4850225bf9d7b58a387cb94c6409acec02-1024x1024.png,image-e71e1d4850225bf9d7b58a387cb94c6409acec02-1024x1024-png,POXIOL Middle East Sports Event Program,unclear,unclear,unclear,LOW,4,
/projects/,case-study,,Middle East Sports Event Program, custom teamwear &amp; sports uniforms manufacturer | poxiol middle east sports event program  poxio,https://cdn.sanity.io/images/oqpv1xbc/production/30a56e521bc0b8b7d496804c179c2d4c363b13ba-1672x941.webp,image-30a56e521bc0b8b7d496804c179c2d4c363b13ba-1672x941-webp,POXIOL Distributor Bulk Teamwear Program,unclear,unclear,unclear,LOW,14,
/projects/middle-east-sports-event-program/,case-study,Middle East Sports Event Program,Packaging &amp; Delivery,middle east sports event program sports event bulk uniform program | poxiol b2b case study packaging,https://cdn.sanity.io/images/oqpv1xbc/production/e71e1d4850225bf9d7b58a387cb94c6409acec02-1024x1024.png,image-e71e1d4850225bf9d7b58a387cb94c6409acec02-1024x1024-png,POXIOL Middle East Sports Event Program,unclear,unclear,unclear,LOW,4,
/projects/school-athletics-multi-sport-program/,case-study,School Athletics Multi-Sport Program,Packaging &amp; Delivery,school athletics multi-sport program school multi-sport uniform program | poxiol b2b case study pack,https://cdn.sanity.io/images/oqpv1xbc/production/500a7fd38a47376d3b15d737d4b0ffb76f1f0ffb-1672x941.webp,image-500a7fd38a47376d3b15d737d4b0ffb76f1f0ffb-1672x941-webp,POXIOL School Athletics Multi Sport Program,unclear,unclear,unclear,LOW,9,
/projects/usa-basketball-academy-uniform-program/,case-study,USA Basketball Academy Uniform Program,Packaging &amp; Delivery,usa basketball academy uniform program basketball academy uniform program | poxiol b2b case study pa,https://cdn.sanity.io/images/oqpv1xbc/production/e8d01c2f997d5ed28f0195d170409051bc927ffa-1024x1024.png,image-e8d01c2f997d5ed28f0195d170409051bc927ffa-1024x1024-png,POXIOL Usa Basketball Academy Uniform Program,unclear,basketball,unclear,LOW,4,
/quality-control-process/,site-page,Custom Teamwear Quality Control Process,,custom teamwear quality control process custom teamwear quality control process | poxiol   poxiol qu,https://cdn.sanity.io/images/oqpv1xbc/production/66ead13a5a42384f7d175a765e9709b9eb613d46-1448x1086.webp,image-66ead13a5a42384f7d175a765e9709b9eb613d46-1448x1086-webp,POXIOL Quality Control Process,unclear,quality control,unclear,LOW,4,
/resources/custom-basketball-uniform-manufacturer-guide/,article,Custom Basketball Uniform Manufacturer Guide,,custom basketball uniform manufacturer guide how to choose a custom basketball uniform manufacturer ,https://cdn.sanity.io/images/oqpv1xbc/production/22b3138b93bebaf819ffc7cb7d07d60b14060d07-1672x941.webp,image-22b3138b93bebaf819ffc7cb7d07d60b14060d07-1672x941-webp,POXIOL Custom Basketball Uniform Manufacturer Guide,unclear,basketball,unclear,LOW,12,
/resources/custom-soccer-kits-wholesale-guide/,article,Custom Soccer Kits Wholesale Guide,,custom soccer kits wholesale guide custom soccer kits wholesale guide for clubs and distributors | p,https://cdn.sanity.io/images/oqpv1xbc/production/9c22f0c3d13f6ad024ac5deb2d6ef539763454a1-1672x941.webp,image-9c22f0c3d13f6ad024ac5deb2d6ef539763454a1-1672x941-webp,POXIOL Custom Soccer Kits Wholesale Guide,unclear,soccer,unclear,LOW,2,
/resources/custom-teamwear-moq-production-time/,article,Custom Teamwear Moq Production Time,,custom teamwear moq production time custom teamwear moq and production time guide | poxiol   poxiol ,https://cdn.sanity.io/images/oqpv1xbc/production/e71e1d4850225bf9d7b58a387cb94c6409acec02-1024x1024.png,image-e71e1d4850225bf9d7b58a387cb94c6409acec02-1024x1024-png,POXIOL Custom Teamwear Moq Production Time,unclear,unclear,unclear,LOW,4,
/resources/private-label-teamwear-launch-checklist/,article,Private Label Teamwear Launch Checklist,,private label teamwear launch checklist private label teamwear manufacturing for sportswear brands |,https://cdn.sanity.io/images/oqpv1xbc/production/283fe8fec0e0dc21d80f721b195d14be62d48d05-1376x768.png,image-283fe8fec0e0dc21d80f721b195d14be62d48d05-1376x768-png,POXIOL Private Label Teamwear Launch Checklist,unclear,unclear,unclear,LOW,11,
/resources/sports-uniform-fabric-guide/,article,Sports Uniform Fabric Guide,,sports uniform fabric guide sports uniform fabric guide for custom teamwear buyers | poxiol   poxiol,https://cdn.sanity.io/images/oqpv1xbc/production/e71e1d4850225bf9d7b58a387cb94c6409acec02-1024x1024.png,image-e71e1d4850225bf9d7b58a387cb94c6409acec02-1024x1024-png,POXIOL Sports Uniform Fabric Guide,unclear,unclear,unclear,LOW,4,
/resources/teamwear-manufacturer-evaluation-checklist/,article,Teamwear Manufacturer Evaluation Checklist,,teamwear manufacturer evaluation checklist teamwear manufacturer evaluation checklist | poxiol   pox,https://cdn.sanity.io/images/oqpv1xbc/production/9c22f0c3d13f6ad024ac5deb2d6ef539763454a1-1672x941.webp,image-9c22f0c3d13f6ad024ac5deb2d6ef539763454a1-1672x941-webp,POXIOL Teamwear Manufacturer Evaluation Checklist,unclear,unclear,unclear,LOW,2,
/sample-order/,site-page,Sample Order Support.,,sample order support. start a sample order | poxiol   poxiol sample order,https://cdn.sanity.io/images/oqpv1xbc/production/bd27eaada59c34905cbe847ae00131ccf3988670-1672x941.webp,image-bd27eaada59c34905cbe847ae00131ccf3988670-1672x941-webp,POXIOL Sample Order,unclear,unclear,unclear,LOW,4,
/solutions/,other,,Basketball Uniform Solution, b2b custom teamwear solutions | poxiol basketball uniform solution  basketball uniform solution,/images/poxiol-v62/projects_basketball_academy_uniform_program.png,,Basketball Uniform Solution,basketball,unclear,unclear,LOW,0,
/solutions/,other,,Soccer Uniform Solution, b2b custom teamwear solutions | poxiol soccer uniform solution  soccer uniform solution,/images/poxiol-v62/projects_soccer_club_kit_launch.png,,Soccer Uniform Solution,soccer,unclear,unclear,LOW,0,
/solutions/,other,,Training Wear Solution, b2b custom teamwear solutions | poxiol training wear solution  training wear solution,/images/poxiol-v6/manufacturing_sublimation_printing.png,,Training Wear Solution,factory,unclear,unclear,LOW,0,
/solutions/,other,,Hoodie &amp; Jacket Solution, b2b custom teamwear solutions | poxiol hoodie &amp; jacket solution  hoodie &amp; jacket solution,/images/poxiol-v62/home_hero_v62.png,,Hoodie &amp; Jacket Solution,generic multi-sport,unclear,unclear,LOW,0,
/solutions/,other,,Teamwear Package Solution, b2b custom teamwear solutions | poxiol teamwear package solution  teamwear package solution,/images/poxiol-v62/project_school_multisport_v62.png,,Teamwear Package Solution,generic multi-sport,unclear,unclear,LOW,0,
/solutions/,other,,Private Label Teamwear Solution, b2b custom teamwear solutions | poxiol private label teamwear solution  private label teamwear solu,/images/poxiol-v6/home_oem_odm_solutions.png,,Private Label Teamwear Solution,unclear,unclear,unclear,LOW,0,
