asset_id,filename,usage_count
image-22b3138b93bebaf819ffc7cb7d07d60b14060d07-1672x941-webp,22b3138b93bebaf819ffc7cb7d07d60b14060d07-1672x941.webp,12
image-283fe8fec0e0dc21d80f721b195d14be62d48d05-1376x768-png,283fe8fec0e0dc21d80f721b195d14be62d48d05-1376x768.png,11
image-30a56e521bc0b8b7d496804c179c2d4c363b13ba-1672x941-webp,30a56e521bc0b8b7d496804c179c2d4c363b13ba-1672x941.webp,14
image-3c284bf7dacd6c588854e70d851d03dda51fe408-1376x768-png,3c284bf7dacd6c588854e70d851d03dda51fe408-1376x768.png,12
image-4c177e4e98c99d5c4bef49e9a3e7956ab948410a-1376x768-png,4c177e4e98c99d5c4bef49e9a3e7956ab948410a-1376x768.png,6
image-500a7fd38a47376d3b15d737d4b0ffb76f1f0ffb-1672x941-webp,500a7fd38a47376d3b15d737d4b0ffb76f1f0ffb-1672x941.webp,9
image-5672ddaf07dbaee8c9c9ad809fa69ee28703bf17-1672x941-webp,5672ddaf07dbaee8c9c9ad809fa69ee28703bf17-1672x941.webp,7
image-640daa66104cab60d192a2439f00cc79b5ff5c12-1672x941-webp,640daa66104cab60d192a2439f00cc79b5ff5c12-1672x941.webp,6
image-66ead13a5a42384f7d175a765e9709b9eb613d46-1448x1086-webp,66ead13a5a42384f7d175a765e9709b9eb613d46-1448x1086.webp,4
image-752e687cc33c214d844f6ba31ad3ab2d3beae6f3-1672x941-png,752e687cc33c214d844f6ba31ad3ab2d3beae6f3-1672x941.png,2
image-8467a3955185ee8cc102f5ffc1015bed5015a35c-1578x975-jpg,8467a3955185ee8cc102f5ffc1015bed5015a35c-1578x975.jpg,0
image-9c22f0c3d13f6ad024ac5deb2d6ef539763454a1-1672x941-webp,9c22f0c3d13f6ad024ac5deb2d6ef539763454a1-1672x941.webp,2
image-a6ce7545e18290ae28796473aff36f4fa7cc4806-1672x941-png,a6ce7545e18290ae28796473aff36f4fa7cc4806-1672x941.png,0
image-ae93acbb5d46dc197392982d3c7a3fa3f9f05bae-1376x768-png,ae93acbb5d46dc197392982d3c7a3fa3f9f05bae-1376x768.png,0
image-bcb5f223883abc85aa9d2d103c55c04aef10689a-1672x941-webp,bcb5f223883abc85aa9d2d103c55c04aef10689a-1672x941.webp,3
image-bd27eaada59c34905cbe847ae00131ccf3988670-1672x941-webp,bd27eaada59c34905cbe847ae00131ccf3988670-1672x941.webp,4
image-d1b66980196e56019c664f41a48a206572d154f7-1672x941-png,d1b66980196e56019c664f41a48a206572d154f7-1672x941.png,0
image-e71e1d4850225bf9d7b58a387cb94c6409acec02-1024x1024-png,e71e1d4850225bf9d7b58a387cb94c6409acec02-1024x1024.png,4
image-e8d01c2f997d5ed28f0195d170409051bc927ffa-1024x1024-png,e8d01c2f997d5ed28f0195d170409051bc927ffa-1024x1024.png,4
